{
    "layer_0": 0.6475039720535278,
    "layer_1": 0.07740800082683563,
    "layer_2": 0.02139200083911419,
    "layer_3": 0.24695999920368195,
    "layer_4": 0.07715199887752533,
    "layer_5": 0.021903999149799347,
    "layer_6": 0.1913120001554489,
    "layer_7": 0.048687998205423355,
    "layer_8": 0.614512026309967,
    "layer_9": 0.2311840057373047,
    "layer_10": 0.06199999898672104,
    "layer_11": 0.0732479989528656,
    "layer_12": 0.21147200465202332,
    "layer_13": 0.057999998331069946,
    "layer_14": 0.016335999593138695,
    "layer_15": 0.13497599959373474,
    "layer_16": 0.011607999913394451,
    "layer_17": 0.15140800178050995,
    "layer_18": 0.05795999988913536,
    "layer_19": 0.01634399965405464,
    "layer_20": 0.1799039989709854,
    "layer_21": 0.058056000620126724,
    "layer_22": 0.01640000008046627,
    "layer_23": 0.1348080039024353,
    "layer_24": 0.010703999549150467,
    "layer_25": 0.004887999966740608,
    "layer_26": 0.15149599313735962,
    "layer_27": 0.05820799991488457,
    "layer_28": 0.016944000497460365,
    "layer_29": 0.018704000860452652,
    "layer_30": 0.05289600044488907,
    "layer_31": 0.01563199982047081,
    "layer_32": 0.005247999913990498,
    "layer_33": 0.06654399633407593,
    "layer_34": 0.0055519999004900455,
    "layer_35": 0.13795199990272522,
    "layer_36": 0.02977599948644638,
    "layer_37": 0.008848000317811966,
    "layer_38": 0.08727200329303741,
    "layer_39": 0.029791999608278275,
    "layer_40": 0.008848000317811966,
    "layer_41": 0.12972000241279602,
    "layer_42": 0.005336000118404627,
    "layer_43": 0.00267999991774559,
    "layer_44": 0.1377200037240982,
    "layer_45": 0.02975199930369854,
    "layer_46": 0.008840000256896019,
    "layer_47": 0.0870480015873909,
    "layer_48": 0.02993600070476532,
    "layer_49": 0.008848000317811966,
    "layer_50": 0.13019999861717224,
    "layer_51": 0.005319999996572733,
    "layer_52": 0.002552000107243657,
    "layer_53": 0.13791200518608093,
    "layer_54": 0.029791999608278275,
    "layer_55": 0.009064000099897385,
    "layer_56": 0.2557919919490814,
    "layer_57": 0.007648000027984381,
    "layer_58": 0.0017600000137463212
}