{
    "0": 0.2400984764099121,
    "1": 0.14979815483093262,
    "2": 0.12491369247436523,
    "3": 0.1117861270904541,
    "4": 0.11731696128845215,
    "5": 0.10204339027404785,
    "6": 0.10657691955566406,
    "7": 0.11393404006958008,
    "8": 0.09923839569091797,
    "9": 0.08476877212524414,
    "10": 0.0989842414855957,
    "11": 0.08889603614807129,
    "12": 0.08463287353515625,
    "13": 0.0909569263458252,
    "14": 0.09187674522399902,
    "15": 0.08986377716064453,
    "16": 0.0872645378112793,
    "17": 0.09098577499389648,
    "18": 0.07816886901855469,
    "19": 0.0821230411529541,
    "20": 0.1123361587524414,
    "21": 0.08843588829040527,
    "22": 0.08987212181091309,
    "23": 0.08008241653442383,
    "24": 0.08148789405822754,
    "25": 0.09903192520141602,
    "26": 0.09053993225097656,
    "27": 0.08141899108886719,
    "28": 0.08644890785217285,
    "29": 0.07524418830871582,
    "30": 0.08170485496520996,
    "31": 0.07826948165893555,
    "32": 0.08048701286315918,
    "33": 0.07419419288635254,
    "34": 0.07843184471130371,
    "35": 0.08887839317321777,
    "36": 0.07894158363342285,
    "37": 0.08089017868041992,
    "38": 0.07558465003967285,
    "39": 0.07720637321472168,
    "40": 0.08325910568237305,
    "41": 0.07338833808898926,
    "42": 0.07747745513916016,
    "43": 0.08097028732299805,
    "44": 0.08135747909545898,
    "45": 0.08301186561584473,
    "46": 0.07921957969665527,
    "47": 0.07615160942077637,
    "48": 0.07535934448242188,
    "49": 0.08104348182678223,
    "50": 0.07768368721008301,
    "51": 0.07500219345092773,
    "52": 0.0799245834350586,
    "53": 0.07972979545593262,
    "54": 0.0768575668334961,
    "55": 0.08599615097045898,
    "56": 0.07809019088745117,
    "57": 0.08124613761901855,
    "58": 0.12233567237854004,
    "59": 0.09839010238647461
}