{
    "1": 0.1288599967956543,
    "2": 0.07994675636291504,
    "3": 0.07730364799499512,
    "4": 0.07628726959228516,
    "5": 0.08063745498657227,
    "6": 0.08326268196105957,
    "7": 0.07846927642822266,
    "8": 0.08442854881286621,
    "9": 0.0772252082824707,
    "10": 0.07481122016906738,
    "11": 0.08487415313720703,
    "12": 0.08017659187316895,
    "13": 0.07433032989501953,
    "14": 0.07793283462524414,
    "15": 0.0809636116027832,
    "16": 0.07367372512817383,
    "17": 0.08013534545898438,
    "18": 0.0790863037109375,
    "19": 0.07578325271606445,
    "20": 0.08169889450073242,
    "21": 0.07387995719909668,
    "22": 0.08331155776977539,
    "23": 0.0789194107055664,
    "24": 0.07125997543334961,
    "25": 0.07535648345947266,
    "26": 0.0777122974395752,
    "27": 0.08541584014892578,
    "28": 0.07600617408752441,
    "29": 0.07816934585571289,
    "30": 0.07357525825500488,
    "31": 0.07432436943054199,
    "32": 0.08490490913391113,
    "33": 0.08089876174926758,
    "34": 0.07186436653137207,
    "35": 0.07368612289428711,
    "36": 0.07882881164550781,
    "37": 0.08318662643432617,
    "38": 0.07970309257507324,
    "39": 0.07212710380554199,
    "40": 0.0757453441619873,
    "41": 0.07704281806945801,
    "42": 0.07581305503845215,
    "43": 0.07397294044494629,
    "44": 0.0783529281616211,
    "45": 0.07697415351867676,
    "46": 0.07402992248535156,
    "47": 0.08265566825866699,
    "48": 0.07528805732727051,
    "49": 0.07721424102783203,
    "50": 0.07906913757324219,
    "51": 0.07345986366271973,
    "52": 0.07839298248291016,
    "53": 0.0799262523651123,
    "54": 0.07871437072753906,
    "55": 0.07352495193481445,
    "56": 0.0849308967590332,
    "57": 0.07364511489868164,
    "58": 0.0775611400604248,
    "59": 0.07536911964416504,
    "60": 0.07180404663085938
}