{
    "0": 0.13522360500064678,
    "1": 0.07770431699464098,
    "2": 0.06647999599954346,
    "3": 0.06770733799930895,
    "4": 0.07373334600561066,
    "5": 0.06471909600077197,
    "6": 0.06582242300646612,
    "7": 0.07063249099883251,
    "8": 0.07071577900205739,
    "9": 0.07188195300113875,
    "10": 0.07116238099843031,
    "11": 0.0667099700003746,
    "12": 0.07042956599616446,
    "13": 0.07172997599991504,
    "14": 0.06992582300154027,
    "15": 0.0644745919998968,
    "16": 0.06508358399878489,
    "17": 0.06985301500390051,
    "18": 0.07009327899868367,
    "19": 0.07011660399439279,
    "20": 0.06423243400058709,
    "21": 0.06548367000505095,
    "22": 0.0697847159972298,
    "23": 0.06829175000166288,
    "24": 0.06544181999925058,
    "25": 0.07599834699794883,
    "26": 0.06908074200327974,
    "27": 0.06526097800087882,
    "28": 0.07329329100321047,
    "29": 0.06418329999723937,
    "30": 0.06919289500365267,
    "31": 0.0727107979982975,
    "32": 0.07842701099434635,
    "33": 0.07167322599707404,
    "34": 0.07031956600258127,
    "35": 0.07154569499834906,
    "36": 0.06724912799836602,
    "37": 0.07029266400058987,
    "38": 0.06971594300557626,
    "39": 0.07043391100160079,
    "40": 0.07365000300342217,
    "41": 0.06867708799836691,
    "42": 0.07247161499981303,
    "43": 0.07741614800033858,
    "44": 0.1797987469981308,
    "45": 0.06708683000033488,
    "46": 0.07336970399774145,
    "47": 0.06929860299715074,
    "48": 0.0732087589931325,
    "49": 0.07039897299546283,
    "50": 0.06766566399892326,
    "51": 0.06746861000283388,
    "52": 0.0836593330022879,
    "53": 0.07174806499824626,
    "54": 0.06925268500344828,
    "55": 0.06913886999973329,
    "56": 0.06367190000310075,
    "57": 0.07244107599399285,
    "58": 0.06857224800478434,
    "59": 0.06373224299750291
}