{
    "0": 0.0011749010009225458,
    "1": 0.0008505400037392974,
    "2": 0.0004062850057380274,
    "3": 0.0005213409967836924,
    "4": 0.0004628410024452023,
    "5": 0.0003842329970211722,
    "6": 0.00039010399632388726,
    "7": 0.0005961310016573407,
    "8": 0.0012258569986443035,
    "9": 0.0013422049960354343,
    "10": 0.0007417960005113855,
    "11": 0.0005656840003211983,
    "12": 0.0004958429999533109,
    "13": 0.0004320029984228313,
    "14": 0.00039569400541950017,
    "15": 0.00047418200119864196,
    "16": 0.0005842199971084483,
    "17": 0.0006988449968048371,
    "18": 0.0007189220050349832,
    "19": 0.0006446330007747747,
    "20": 0.0005626179990940727,
    "21": 0.0005017739968025126,
    "22": 0.0003364329968462698,
    "23": 0.00038011500146239996,
    "24": 0.0003580639968276955,
    "25": 0.00030398099625017494,
    "26": 0.00033005100704031065,
    "27": 0.0003590459964470938,
    "28": 0.00033473000075900927,
    "29": 0.0003551580011844635,
    "30": 0.00038308099465211853,
    "31": 0.0003600880008889362,
    "32": 0.0002932720017270185,
    "33": 0.0002840849992935546,
    "34": 0.00026250399969285354,
    "35": 0.00029852100124116987,
    "36": 0.000299624000035692,
    "37": 0.0003261840029153973,
    "38": 0.0004966139968018979,
    "39": 0.000293411998427473,
    "40": 0.00028400500013958663,
    "41": 0.0003226570042897947,
    "42": 0.0003562600031727925,
    "43": 0.00029160900157876313,
    "44": 0.0003023080062121153,
    "45": 0.0003341390038258396,
    "46": 0.0003310719985165633,
    "47": 0.0003068970036110841,
    "48": 0.0002841340028680861,
    "49": 0.0003225270047551021,
    "50": 0.00030361200333572924,
    "51": 0.00032110400206875056,
    "52": 0.0002813889950630255,
    "53": 0.0003244500039727427,
    "54": 0.0003040020019398071,
    "55": 0.00030582500039599836,
    "56": 0.0003937510045943782,
    "57": 0.00033102199813583866,
    "58": 0.00024611299886601046,
    "7": 0.0008155640025506727,
    "8": 0.0006584190050489269,
    "9": 0.0015194989973679185,
    "10": 0.0005964219963061623,
    "11": 0.0005973139996058308,
    "12": 0.0006754610003554262,
    "13": 0.0007320369986700825,
    "14": 0.00045447499724105,
    "15": 0.0004256510001141578,
    "16": 0.0007562720056739636,
    "17": 0.0010865340009331703,
    "18": 0.0008139509955071844,
    "19": 0.0004733609966933727,
    "20": 0.0005223529951763339,
    "21": 0.0005786080000689253,
    "22": 0.0005284149956423789,
    "23": 0.0010089790011988953,
    "24": 0.00043698199442587793,
    "25": 0.00040593399899080396,
    "26": 0.00037257099756971,
    "27": 0.0003829499983112328,
    "28": 0.0004067249974468723,
    "29": 0.0005081359995529056,
    "30": 0.0006413369992515072,
    "31": 0.000422293996962253,
    "32": 0.00034420799784129485,
    "33": 0.0003678319990285672,
    "34": 0.0005685590003849939,
    "35": 0.0009969359962269664,
    "36": 0.000794235005741939,
    "37": 0.0004334249970270321,
    "38": 0.0004127059946767986,
    "39": 0.00046416299301199615,
    "40": 0.0004052420044899918,
    "41": 0.00041420899651711807,
    "42": 0.00093555999774253,
    "43": 0.00048648499796399847,
    "44": 0.0003928090009139851,
    "45": 0.0003751050026039593,
    "46": 0.0003766879963222891,
    "47": 0.0005303180005284958,
    "48": 0.0005579300050158054,
    "49": 0.0006448630010709167,
    "50": 0.00033867699676193297,
    "51": 0.00044019799679517746,
    "52": 0.0004760649972013198,
    "53": 0.0009441860020160675,
    "54": 0.0009635429960326292,
    "55": 0.0004623790009645745,
    "56": 0.00040254800114780664,
    "57": 0.00038034599856473505,
    "58": 0.0004216939996695146
}